{
  "total_requests": 589,
  "failure_rate": 0.023769100169779286,
  "response_times": {
    "min": 1.1831169977085665,
    "max": 140.8729680115357,
    "median": 5,
    "average": 16.18176205261118,
    "p95": 51,
    "p99": 90
  }
}